438961023,1997,Лабубу Наруто Наруто Глухая коробка,"4,9"
446922704,2345,/ Лабубу Наруто Наруто Глухая коробка,0
447656152,391,/ Лабубу игрушка,"4,7"
448084800,1954,/ Поп Март. Фигурка-сюрприз Лабубу THE MONSTERS One Piece,5
449545515,1651,/ Наруто Слепые боксы с фигурками-Лабубу наруто-miniso,"4,9"
449557734,2464,Лабубу Наруто Наруто Глухая коробка,0
449557937,11581,Лабубу Наруто Наруто Глухая коробка,5
449580220,1980,Лабубу Наруто Глухая коробка,"4,7"
449713045,2501,Лабубу наруто,0
454860948,2084,Лабубу наруто,5
462994224,2398,/ Лабубу Наруто Наруто Глухая коробка,0
465723314,677,,0
465968034,649,,0
465971965,649,,0
467226096,2005,/ Лабубу Наруто Наруто Глухая коробка,5
474293336,2334,Лабубу Наруто Наруто Глухая коробка,0
482814260,1007,/ EAKI-Проклятие Ици Возвращается в битву 2 Бокса вслепую-1,5
492269283,977,EAKI-Проклятие Ици Возвращается в битву 2 Бокса вслепую-1,0
495006377,9943,/ Наруто Слепые боксы с фигурками-Лабубу наруто——6 шт,0
496267863,2935,/ Наруто Слепые боксы с фигурками-Лабубу наруто,0
496267864,2367,/ Наруто Слепые боксы с фигурками-Лабубу наруто,0
496267865,2398,/ Наруто Слепые боксы с фигурками-Лабубу наруто,0
496281071,2050,/ Наруто Слепые боксы с фигурками-Лабубу наруто,0
496288222,2270,/ Наруто Слепые боксы с фигурками-Лабубу наруто,0
497536224,1700,Лабубу Наруто Наруто Глухая коробка,0
498203699,1658,Лабубу Наруто Наруто Глухая коробка,0
498857428,2999,Лабубу Наруто Наруто Глухая коробка,0
499267982,1296,Лабубу наруто,0
500122267,2120,/ Наруто Слепые боксы с фигурками-Лабубу наруто,5
500222178,517,Наруто Лабубу наруто,"4,7"
502341679,1044,/ Лабубу Наруто Наруто Глухая коробка,0
504695615,2401,Лабубу Наруто Наруто Глухая коробка,0
505574150,1068,/ Наруто лабубу игрушка брелок бокс Naruto Labubu pop mart,"3,7"
505574151,1913,/ Наруто лабубу мягкая игрушка брелок бокс Naruto Labubu,0
505996679,906,/ Мягкая игрушка Наруто брелок лабубу случайный бокс Naruto,"2,5"
505997737,1664,/ Мягкая игрушка Наруто брелок лабубу случайный бокс Naruto,0
506125433,802,/ Брелок для ключей Наруто Лабубу глухая коробка игрушка,"4,5"
506138952,802,/ Брелок для ключей Наруто Лабубу глухая коробка игрушка,"4,6"
516902761,860,Мягкая игрушка Наруто глухая коробка,5
523327579,943,Игрушка наруто лабубу,0
523836462,1736,Лабубу Наруто Наруто Глухая коробка,0
523857461,1638,Лабубу Наруто Наруто Глухая коробка,0
524003494,1939,Наруто Слепые боксы с фигурками-Лабубу наруто,5
525747150,846,Мягкая игрушка брелок Лабубу Наруто сюрприз бокс,0
525751340,846,Мягкая игрушка брелок Лабубу Наруто сюрприз бокс,0
525752380,1058,Мягкая игрушка брелок Лабубу Наруто сюрприз бокс,0
526605046,2198,/ Наруто Глухая коробка брелок,"3,7"
526614535,1071,Лабубу Наруто Наруто Глухая коробка,0
526620900,746,/ Мягкая игрушка брелок для ключей на сумку Наруто Лабубу,4
527027904,591,"/ Мягкая игрушка Наруто брелок Лабубу, сюрприз бокс",0
527572680,947,Лабубу Наруто Наруто Глухая коробка,0
527903843,774,/ Лабубу Наруто Наруто Глухая коробка-Копировальная версия,0
528862289,1936,/ Наруто Слепые боксы с фигурками-Лабубу наруто,5
528869987,1930,/ Лабубу Наруто Наруто Глухая коробка,0
529586206,1722,/ Наруто Слепые боксы с фигурками,0
529766214,1914,Лабубу Наруто Наруто Глухая коробка,0
529766245,1122,EAKI-Проклятие Ици Возвращается в битву 2 Бокса вслепую-1,0
529766247,1877,Наруто Слепые боксы с фигурками-Лабубу наруто-miniso,0
529766248,2246,Наруто Слепые боксы с фигурками,0
530712856,1215,/ Наруто Слепые боксы с фигурками-Лабубу наруто-miniso,5
531240412,972,Лабубу Наруто Наруто Глухая коробка,0
531964210,809,/ Мягкая игрушка брелок на сумку на ключи Наруто Лабубу,0
532089553,659,Лабубу Наруто Наруто Глухая коробка,0
534483133,1249,Мягкая игрушка Наруто брелок лабубу случайный бокс Naruto,0
535012367,882,Мягкая игрушка Лабубу Labubu Наруто,0
536272768,812,Лабубу наруто,5
536272769,794,Лабубу наруто,0
536272770,794,Лабубу наруто,4
536272771,722,Лабубу наруто,0
536272772,722,Лабубу наруто,0
536272773,794,Лабубу наруто,0
536272774,794,Лабубу наруто,0
536272775,902,Лабубу наруто,0
537064441,906,Наруто Слепые боксы с фигурками-Лабубу наруто,0
540627780,1041,Лабубу Наруто Наруто Глухая коробка,5
542301066,1049,/ EAKI-Проклятие Ици Возвращается в битву 2 Бокса вслепую-1,0
543225313,1254,Наруто Слепые боксы с фигурками-Лабубу наруто-miniso,0
549128551,2553,Лабубу наруто,0
559241605,1650,Лабубу Наруто Наруто Глухая коробка,0
560350324,1671,Лабубу Наруто Наруто Глухая коробка,0
573156068,2280,/ Наруто Слепые боксы с фигурками-Лабубу наруто-miniso,0
576529767,615,Фигурка Labubu Naruto мягкая игрушка брелок,"4,3"
580304149,1719,Лабубу Наруто Наруто Глухая коробка,0
584212179,2516,Лабубу Наруто Наруто Глухая коробка，одна,0
588994712,900,"/ ЛАБУБУ Аниме ""Наруто"", игрушка-брелок (Blind Box)","4,7"
596734267,1425,Лабубу Наруто Наруто Глухая коробка,0
596877447,2309,Лабубу Наруто Глухая коробка,0
598649432,2520,/ Наруто Слепые боксы с фигурками-Лабубу наруто,0
600350680,1428,Лабубу Наруто Глухая коробка,0
603972990,793,Мягкая коллекционная игрушка брелок Человек паук,0
609017767,677,/ Наруто Слепые боксы с фигурками-Лабубу наруто-miniso 1 шт,0
609048220,1005,/ Лабубу магическая битва 1 шт,0
613356523,1644,Лабубу Наруто Наруто Глухая коробка,0
616059811,3628,Лабубу Наруто Наруто Глухая коробка,0
618195357,1547,Какаши Лабубу Игрушка Top Toy Eaki Naruto Без коробки,0
629245007,1250,Лабубу Наруто Наруто Глухая коробка,0
655540897,1611,Лабубу Наруто Глухая коробка,0
655540898,2507,Лабубу Наруто Глухая коробка,0
655540899,1157,Лабубу Наруто Глухая коробка,0
655540900,1622,Лабубу Наруто Глухая коробка,0
655540901,748,Лабубу Наруто Глухая коробка,0
655540902,1929,Лабубу Наруто Глухая коробка,0
655540903,1066,Лабубу Наруто Глухая коробка,0
655540904,1055,Лабубу Наруто Глухая коробка,0
655540905,1474,Лабубу Наруто Глухая коробка,0
655540906,873,Лабубу Наруто Глухая коробка,0
655540907,691,Лабубу Наруто Глухая коробка,0
655540908,952,Лабубу Наруто Глухая коробка,0
655540909,1305,Лабубу Наруто Глухая коробка,0
655540910,2576,Лабубу Наруто Глухая коробка,0
655540911,4801,Лабубу Наруто Глухая коробка,0
655540912,1338,Лабубу Наруто Глухая коробка,0
655540913,1997,Лабубу Наруто Глухая коробка,0
655540914,1179,Лабубу Наруто Глухая коробка,0
661658817,1658,Лабубу Labubu Naruto Наруто Ninja сюрприз бокс 15см 1 шт,0
661942259,1010,Мягкая фигурка брелок Лабубу Наруто сюрприз бокс,0
661985109,1225,Мягкая фигурка брелок Лабубу Магическая битва сюрприз бокс,0
667679619,1702,/ Наруто Слепые боксы с фигурками-Лабубу наруто-miniso,0
667736148,896,/ EAKI-Проклятие Ици Возвращается в битву 2 Бокса вслепую-1,0
668060467,8342,/ Лабубу Наруто Наруто Глухая коробка-Копировальная версия,0
668808433,2148,/ Поп Март. Игрушка-брелок Лабубу виниловая плюшевая подвеска,0
668847953,2148,/ Поп Март. Игрушка-брелок Лабубу виниловая плюшевая подвеска,5
668896956,2148,/ Поп Март. Фигурка-сюрприз Peach Riot Sleepover,5
668908437,2148,/ Минисо. Игрушка-брелок Лабубу Зверополис 2,0
669949759,875,Лабубу Наруто Наруто Глухая коробка,0
673277878,2689,Лабубу Наруто Наруто Глухая коробка,0
674813276,1242,Лабубу Наруто Наруто Глухая коробка,0
676065287,2091,коробка Наруто Слепые боксы с фигурками-Лабубу наруто-minis,0
676069996,2102,коробка Наруто Слепые боксы с фигурками-Лабубу наруто-minis,0
676103521,2102,коробка Наруто Слепые боксы с фигурками-Лабубу наруто-minis,0
676557180,1877,/ Наруто Слепые боксы с фигурками-Лабубу наруто-miniso,0
676640478,888,/ EAKI-Проклятие Ици Возвращается в битву 2 Бокса вслепую-1,0
679489769,1267,"/ Брелок Labubu Наруто мягкая игрушка, подарок на Новый год",0
680412436,1685,Лабубу Labubu Naruto Наруто Ninja сюрприз бокс 15см 1 шт,0
681606514,2689,Лабубу Наруто Наруто Глухая коробка,0
683249694,995,Лабубу Наруто Наруто Глухая коробка,0
683329354,1783,Лабубу наруто,0
683406267,930,/ EAKI-Проклятие Ици Возвращается в битву 2 Бокса вслепую-1,0
683409641,2091,коробка Наруто Слепые боксы с фигурками-Лабубу наруто-minis,0
683808424,1146,Лабубу Наруто Наруто Глухая коробка,0
689329255,2733,NARUTO Лабубу Слепая коробка с фигуркой,0
689375010,2733,NARUTO Лабубу Слепая коробка с фигуркой,0
689468621,549,лабубу наруто- naruto,0
698351044,984,/ Лабубу Наруто Наруто Глухая коробка,0
698711630,764,Лабубу Наруто Наруто Глухая коробка-Копировальная версия,0
698711636,995,EAKI-Проклятие Ици Возвращается в битву 2 Бокса вслепую-1,0
698711639,1620,Наруто Слепые боксы с фигурками-Лабубу наруто-miniso,0
698791032,995,EAKI-Проклятие Ици Возвращается в битву 2 Бокса вслепую-1,0
698792736,729,Лабубу Наруто Наруто Глухая коробка-Копировальная версия,0
698792743,1539,Наруто Слепые боксы с фигурками-Лабубу наруто-miniso,0
701110073,2265,Лабубу Наруто плюшевая фигурка-брелок,0
703791698,1183,/ Брелок Наруто мягкая игрушка Naruto сюрприз бокс,0
703817750,2265,Лабубу Наруто плюшевая фигурка-брелок,0
706142979,1354,Лабубу Наруто Наруто Глухая коробка,0
17.12.2025 17:19:55
